"","kingdom","family","quality_grade","n"
"1","Plantae","","needs_id",2010493
"2","Plantae","","research",20
"3","Plantae","Acanthaceae","needs_id",42662
"4","Plantae","Acanthaceae","research",85157
"5","Plantae","Achariaceae","needs_id",379
"6","Plantae","Achariaceae","research",1405
"7","Plantae","Achatocarpaceae","needs_id",89
"8","Plantae","Achatocarpaceae","research",197
"9","Plantae","Acoraceae","needs_id",884
"10","Plantae","Acoraceae","research",985
"11","Plantae","Acrobolbaceae","needs_id",83
"12","Plantae","Acrobolbaceae","research",63
"13","Plantae","Acrochaetiaceae","needs_id",32
"14","Plantae","Acrochaetiaceae","research",7
"15","Plantae","Acrosiphoniaceae","needs_id",44
"16","Plantae","Acrosiphoniaceae","research",13
"17","Plantae","Acrosymphytaceae","needs_id",2
"18","Plantae","Acrosymphytaceae","research",1
"19","Plantae","Acrotylaceae","needs_id",1
"20","Plantae","Actinidiaceae","needs_id",1586
"21","Plantae","Actinidiaceae","research",1681
"22","Plantae","Adelanthaceae","needs_id",67
"23","Plantae","Adelanthaceae","research",23
"24","Plantae","Aextoxicaceae","needs_id",9
"25","Plantae","Aextoxicaceae","research",227
"26","Plantae","Ahnfeltiaceae","needs_id",39
"27","Plantae","Ahnfeltiaceae","research",17
"28","Plantae","Aizoaceae","needs_id",40185
"29","Plantae","Aizoaceae","research",43388
"30","Plantae","Akaniaceae","needs_id",15
"31","Plantae","Akaniaceae","research",138
"32","Plantae","Alethopteridae","needs_id",1
"33","Plantae","Alismataceae","needs_id",20087
"34","Plantae","Alismataceae","research",16996
"35","Plantae","Allisoniaceae","research",1
"36","Plantae","Alseuosmiaceae","needs_id",163
"37","Plantae","Alseuosmiaceae","research",1067
"38","Plantae","Alstroemeriaceae","needs_id",4673
"39","Plantae","Alstroemeriaceae","research",3187
"40","Plantae","Altingiaceae","needs_id",2534
"41","Plantae","Altingiaceae","research",32226
"42","Plantae","Alzateaceae","needs_id",8
"43","Plantae","Alzateaceae","research",5
"44","Plantae","Amaranthaceae","needs_id",130789
"45","Plantae","Amaranthaceae","research",98536
"46","Plantae","Amaryllidaceae","needs_id",100372
"47","Plantae","Amaryllidaceae","research",133448
"48","Plantae","Amblystegiaceae","needs_id",2322
"49","Plantae","Amblystegiaceae","research",1501
"50","Plantae","Amborellaceae","needs_id",2
"51","Plantae","Amborellaceae","research",10
"52","Plantae","Ambuchananiaceae","research",1
"53","Plantae","Amphidiaceae","research",1
"54","Plantae","Anacampserotaceae","needs_id",445
"55","Plantae","Anacampserotaceae","research",850
"56","Plantae","Anacardiaceae","needs_id",66893
"57","Plantae","Anacardiaceae","research",207916
"58","Plantae","Anadyomenaceae","needs_id",22
"59","Plantae","Anadyomenaceae","research",8
"60","Plantae","Anastrophyllaceae","needs_id",155
"61","Plantae","Anastrophyllaceae","research",99
"62","Plantae","Ancistrocladaceae","needs_id",16
"63","Plantae","Ancistrocladaceae","research",14
"64","Plantae","Andreaeaceae","needs_id",255
"65","Plantae","Andreaeaceae","research",67
"66","Plantae","Andreaeobryaceae","needs_id",1
"67","Plantae","Anemiaceae","needs_id",445
"68","Plantae","Anemiaceae","research",1001
"69","Plantae","Aneuraceae","needs_id",771
"70","Plantae","Aneuraceae","research",254
"71","Plantae","Anisophylleaceae","needs_id",25
"72","Plantae","Anisophylleaceae","research",23
"73","Plantae","Annonaceae","needs_id",7347
"74","Plantae","Annonaceae","research",22548
"75","Plantae","Anomodontaceae","needs_id",42
"76","Plantae","Anomodontaceae","research",12
"77","Plantae","Antheliaceae","needs_id",5
"78","Plantae","Antheliaceae","research",8
"79","Plantae","Anthocerotaceae","needs_id",126
"80","Plantae","Anthocerotaceae","research",73
"81","Plantae","Aongstroemiaceae","needs_id",13
"82","Plantae","Aongstroemiaceae","research",37
"83","Plantae","Aphanochaetaceae","needs_id",4
"84","Plantae","Aphanochaetaceae","research",5
"85","Plantae","Aphanopetalaceae","needs_id",8
"86","Plantae","Aphanopetalaceae","research",93
"87","Plantae","Aphloiaceae","needs_id",83
"88","Plantae","Aphloiaceae","research",67
"89","Plantae","Apiaceae","needs_id",242702
"90","Plantae","Apiaceae","research",318072
"91","Plantae","Apocynaceae","needs_id",86055
"92","Plantae","Apocynaceae","research",337342
"93","Plantae","Apodanthaceae","needs_id",10
"94","Plantae","Apodanthaceae","research",96
"95","Plantae","Aponogetonaceae","needs_id",214
"96","Plantae","Aponogetonaceae","research",429
"97","Plantae","Aquifoliaceae","needs_id",38646
"98","Plantae","Aquifoliaceae","research",64716
"99","Plantae","Araceae","needs_id",66551
"100","Plantae","Araceae","research",146980
"101","Plantae","Araliaceae","needs_id",60306
"102","Plantae","Araliaceae","research",108942
"103","Plantae","Araucariaceae","needs_id",2836
"104","Plantae","Araucariaceae","research",3714
"105","Plantae","Archidiaceae","needs_id",5
"106","Plantae","Archidiaceae","research",7
"107","Plantae","Arecaceae","needs_id",50353
"108","Plantae","Arecaceae","research",52077
"109","Plantae","Areschougiaceae","needs_id",34
"110","Plantae","Areschougiaceae","research",33
"111","Plantae","Argophyllaceae","needs_id",320
"112","Plantae","Argophyllaceae","research",1014
"113","Plantae","Aristolochiaceae","needs_id",12700
"114","Plantae","Aristolochiaceae","research",35017
"115","Plantae","Arnelliaceae","needs_id",6
"116","Plantae","Arnelliaceae","research",3
"117","Plantae","Asparagaceae","needs_id",203195
"118","Plantae","Asparagaceae","research",386790
"119","Plantae","Asphodelaceae","needs_id",41230
"120","Plantae","Asphodelaceae","research",46686
"121","Plantae","Aspleniaceae","needs_id",6285
"122","Plantae","Aspleniaceae","research",58380
"123","Plantae","Asteliaceae","needs_id",940
"124","Plantae","Asteliaceae","research",2908
"125","Plantae","Asteraceae","needs_id",2212353
"126","Plantae","Asteraceae","research",2446563
"127","Plantae","Asteropeiaceae","needs_id",18
"128","Plantae","Asteropeiaceae","research",56
"129","Plantae","Atherospermataceae","needs_id",174
"130","Plantae","Atherospermataceae","research",1075
"131","Plantae","Athyriaceae","needs_id",15722
"132","Plantae","Athyriaceae","research",21877
"133","Plantae","Aulacomniaceae","needs_id",1005
"134","Plantae","Aulacomniaceae","research",934
"135","Plantae","Austrobaileyaceae","needs_id",1
"136","Plantae","Austrobaileyaceae","research",4
"137","Plantae","Balanopaceae","needs_id",3
"138","Plantae","Balanophoraceae","needs_id",498
"139","Plantae","Balanophoraceae","research",1173
"140","Plantae","Balantiopsaceae","needs_id",13
"141","Plantae","Balantiopsaceae","research",5
"142","Plantae","Balliaceae","needs_id",7
"143","Plantae","Balliaceae","research",5
"144","Plantae","Balsaminaceae","needs_id",12946
"145","Plantae","Balsaminaceae","research",91223
"146","Plantae","Bangiaceae","needs_id",1599
"147","Plantae","Bangiaceae","research",148
"148","Plantae","Barbeyaceae","research",1
"149","Plantae","Bartramiaceae","needs_id",1874
"150","Plantae","Bartramiaceae","research",1068
"151","Plantae","Basellaceae","needs_id",800
"152","Plantae","Basellaceae","research",2295
"153","Plantae","Bataceae","needs_id",946
"154","Plantae","Bataceae","research",1205
"155","Plantae","Batrachospermaceae","needs_id",99
"156","Plantae","Batrachospermaceae","research",3
"157","Plantae","Begoniaceae","needs_id",5408
"158","Plantae","Begoniaceae","research",5789
"159","Plantae","Berberidaceae","needs_id",25127
"160","Plantae","Berberidaceae","research",131745
"161","Plantae","Berberidopsidaceae","needs_id",4
"162","Plantae","Berberidopsidaceae","research",10
"163","Plantae","Betulaceae","needs_id",112839
"164","Plantae","Betulaceae","research",115573
"165","Plantae","Biebersteiniaceae","needs_id",4
"166","Plantae","Biebersteiniaceae","research",28
"167","Plantae","Bignoniaceae","needs_id",39230
"168","Plantae","Bignoniaceae","research",54529
"169","Plantae","Bixaceae","needs_id",1194
"170","Plantae","Bixaceae","research",2709
"171","Plantae","Blandfordiaceae","needs_id",109
"172","Plantae","Blandfordiaceae","research",324
"173","Plantae","Blasiaceae","needs_id",34
"174","Plantae","Blasiaceae","research",65
"175","Plantae","Blechnaceae","needs_id",5278
"176","Plantae","Blechnaceae","research",35627
"177","Plantae","Blepharostomataceae","research",2
"178","Plantae","Boldiaceae","needs_id",1
"179","Plantae","Bonnemaisoniaceae","needs_id",263
"180","Plantae","Bonnemaisoniaceae","research",192
"181","Plantae","Bonnetiaceae","needs_id",26
"182","Plantae","Bonnetiaceae","research",20
"183","Plantae","Boodleaceae","needs_id",10
"184","Plantae","Boodleaceae","research",4
"185","Plantae","Boraginaceae","needs_id",220046
"186","Plantae","Boraginaceae","research",293447
"187","Plantae","Boryaceae","needs_id",137
"188","Plantae","Boryaceae","research",22
"189","Plantae","Botryococcaceae","needs_id",1
"190","Plantae","Botryococcaceae","research",4
"191","Plantae","Brachytheciaceae","needs_id",15863
"192","Plantae","Brachytheciaceae","research",7098
"193","Plantae","Brassicaceae","needs_id",291847
"194","Plantae","Brassicaceae","research",403430
"195","Plantae","Bromeliaceae","needs_id",31338
"196","Plantae","Bromeliaceae","research",49821
"197","Plantae","Bruchiaceae","needs_id",31
"198","Plantae","Bruchiaceae","research",14
"199","Plantae","Brunelliaceae","needs_id",93
"200","Plantae","Brunelliaceae","research",21
"201","Plantae","Bruniaceae","needs_id",2417
"202","Plantae","Bruniaceae","research",3187
"203","Plantae","Bryaceae","needs_id",10234
"204","Plantae","Bryaceae","research",4985
"205","Plantae","Bryobartramiaceae","needs_id",1
"206","Plantae","Bryopsidaceae","needs_id",230
"207","Plantae","Bryopsidaceae","research",72
"208","Plantae","Bryoxiphiaceae","needs_id",10
"209","Plantae","Bryoxiphiaceae","research",57
"210","Plantae","Burmanniaceae","needs_id",217
"211","Plantae","Burmanniaceae","research",699
"212","Plantae","Burseraceae","needs_id",6257
"213","Plantae","Burseraceae","research",7899
"214","Plantae","Butomaceae","needs_id",70
"215","Plantae","Butomaceae","research",4961
"216","Plantae","Buxaceae","needs_id",6439
"217","Plantae","Buxaceae","research",5327
"218","Plantae","Buxbaumiaceae","needs_id",83
"219","Plantae","Buxbaumiaceae","research",454
"220","Plantae","Byblidaceae","needs_id",6
"221","Plantae","Byblidaceae","research",28
"222","Plantae","Cabombaceae","needs_id",261
"223","Plantae","Cabombaceae","research",3314
"224","Plantae","Cactaceae","needs_id",119190
"225","Plantae","Cactaceae","research",327573
"226","Plantae","Calamitaceae","needs_id",1
"227","Plantae","Calceolariaceae","needs_id",2991
"228","Plantae","Calceolariaceae","research",1734
"229","Plantae","Callicostaceae","needs_id",2
"230","Plantae","Callicostaceae","research",2
"231","Plantae","Calliergonaceae","needs_id",252
"232","Plantae","Calliergonaceae","research",96
"233","Plantae","Callithamniaceae","needs_id",20
"234","Plantae","Callithamniaceae","research",24
"235","Plantae","Calomniaceae","needs_id",5
"236","Plantae","Calomniaceae","research",4
"237","Plantae","Calophyllaceae","needs_id",879
"238","Plantae","Calophyllaceae","research",939
"239","Plantae","Calosiphoniaceae","needs_id",1
"240","Plantae","Calosiphoniaceae","research",1
"241","Plantae","Calycanthaceae","needs_id",1525
"242","Plantae","Calycanthaceae","research",4315
"243","Plantae","Calyceraceae","needs_id",143
"244","Plantae","Calyceraceae","research",210
"245","Plantae","Calymperaceae","needs_id",106
"246","Plantae","Calymperaceae","research",10
"247","Plantae","Calypogeiaceae","needs_id",408
"248","Plantae","Calypogeiaceae","research",106
"249","Plantae","Campanulaceae","needs_id",78531
"250","Plantae","Campanulaceae","research",152634
"251","Plantae","Campynemataceae","needs_id",1
"252","Plantae","Campynemataceae","research",16
"253","Plantae","Canellaceae","needs_id",81
"254","Plantae","Canellaceae","research",103
"255","Plantae","Cannabaceae","needs_id",26876
"256","Plantae","Cannabaceae","research",40745
"257","Plantae","Cannaceae","needs_id",4129
"258","Plantae","Cannaceae","research",3921
"259","Plantae","Capparaceae","needs_id",4525
"260","Plantae","Capparaceae","research",6768
"261","Plantae","Caprifoliaceae","needs_id",151228
"262","Plantae","Caprifoliaceae","research",228160
"263","Plantae","Cardiopteridaceae","needs_id",81
"264","Plantae","Cardiopteridaceae","research",209
"265","Plantae","Caricaceae","needs_id",1325
"266","Plantae","Caricaceae","research",7157
"267","Plantae","Carlemanniaceae","needs_id",4
"268","Plantae","Carlemanniaceae","research",2
"269","Plantae","Caryocaraceae","needs_id",160
"270","Plantae","Caryocaraceae","research",241
"271","Plantae","Caryophyllaceae","needs_id",146601
"272","Plantae","Caryophyllaceae","research",281578
"273","Plantae","Casuarinaceae","needs_id",6871
"274","Plantae","Casuarinaceae","research",5107
"275","Plantae","Catagoniaceae","needs_id",13
"276","Plantae","Catagoniaceae","research",18
"277","Plantae","Catoscopiaceae","needs_id",5
"278","Plantae","Catoscopiaceae","research",4
"279","Plantae","Caulacanthaceae","needs_id",60
"280","Plantae","Caulacanthaceae","research",38
"281","Plantae","Caulerpaceae","needs_id",1460
"282","Plantae","Caulerpaceae","research",1150
"283","Plantae","Celastraceae","needs_id",31957
"284","Plantae","Celastraceae","research",91402
"285","Plantae","Centroplacaceae","needs_id",5
"286","Plantae","Centroplacaceae","research",2
"287","Plantae","Cephalotaceae","research",59
"288","Plantae","Cephaloziaceae","needs_id",396
"289","Plantae","Cephaloziaceae","research",324
"290","Plantae","Cephaloziellaceae","needs_id",145
"291","Plantae","Cephaloziellaceae","research",19
"292","Plantae","Ceramiaceae","needs_id",827
"293","Plantae","Ceramiaceae","research",827
"294","Plantae","Ceratophyllaceae","needs_id",557
"295","Plantae","Ceratophyllaceae","research",3082
"296","Plantae","Cercidiphyllaceae","needs_id",1226
"297","Plantae","Cercidiphyllaceae","research",413
"298","Plantae","Chaetophoraceae","needs_id",138
"299","Plantae","Chaetophoraceae","research",28
"300","Plantae","Chaetophyllopsidaceae","needs_id",10
"301","Plantae","Chaetophyllopsidaceae","research",2
"302","Plantae","Chaetosphaeridiaceae","needs_id",4
"303","Plantae","Chaetosphaeridiaceae","research",1
"304","Plantae","Champiaceae","needs_id",228
"305","Plantae","Champiaceae","research",497
"306","Plantae","Characeae","needs_id",2141
"307","Plantae","Characeae","research",714
"308","Plantae","Characiaceae","needs_id",10
"309","Plantae","Characiaceae","research",3
"310","Plantae","Chlamydomonadaceae","needs_id",215
"311","Plantae","Chlamydomonadaceae","research",168
"312","Plantae","Chlorangiellaceae","needs_id",5
"313","Plantae","Chloranthaceae","needs_id",591
"314","Plantae","Chloranthaceae","research",1469
"315","Plantae","Chlorellaceae","needs_id",65
"316","Plantae","Chlorellaceae","research",14
"317","Plantae","Chlorococcaceae","needs_id",46
"318","Plantae","Chlorococcaceae","research",60
"319","Plantae","Chlorodendraceae","needs_id",8
"320","Plantae","Choreocolacaceae","research",1
"321","Plantae","Chrysobalanaceae","needs_id",1211
"322","Plantae","Chrysobalanaceae","research",3147
"323","Plantae","Cibotiaceae","needs_id",631
"324","Plantae","Cibotiaceae","research",466
"325","Plantae","Cinclidotaceae","needs_id",17
"326","Plantae","Cinclidotaceae","research",14
"327","Plantae","Cistaceae","needs_id",15820
"328","Plantae","Cistaceae","research",26053
"329","Plantae","Cladophoraceae","needs_id",1980
"330","Plantae","Cladophoraceae","research",932
"331","Plantae","Cleomaceae","needs_id",5607
"332","Plantae","Cleomaceae","research",17866
"333","Plantae","Clethraceae","needs_id",3464
"334","Plantae","Clethraceae","research",5883
"335","Plantae","Cleveaceae","needs_id",15
"336","Plantae","Cleveaceae","research",47
"337","Plantae","Climaciaceae","needs_id",3524
"338","Plantae","Climaciaceae","research",1713
"339","Plantae","Closteriaceae","needs_id",1494
"340","Plantae","Closteriaceae","research",152
"341","Plantae","Clusiaceae","needs_id",3764
"342","Plantae","Clusiaceae","research",1735
"343","Plantae","Coccomyxaceae","needs_id",2
"344","Plantae","Codiaceae","needs_id",1793
"345","Plantae","Codiaceae","research",3633
"346","Plantae","Colaconemataceae","needs_id",3
"347","Plantae","Colaconemataceae","research",1
"348","Plantae","Colchicaceae","needs_id",8015
"349","Plantae","Colchicaceae","research",26797
"350","Plantae","Coleochaetaceae","needs_id",12
"351","Plantae","Coleochaetaceae","research",1
"352","Plantae","Columelliaceae","needs_id",71
"353","Plantae","Columelliaceae","research",138
"354","Plantae","Combretaceae","needs_id",6033
"355","Plantae","Combretaceae","research",13429
"356","Plantae","Commelinaceae","needs_id",58501
"357","Plantae","Commelinaceae","research",55776
"358","Plantae","Compsopogonaceae","needs_id",8
"359","Plantae","Compsopogonaceae","research",3
"360","Plantae","Connaraceae","needs_id",254
"361","Plantae","Connaraceae","research",207
"362","Plantae","Conocephalaceae","needs_id",2960
"363","Plantae","Conocephalaceae","research",4164
"364","Plantae","Convolvulaceae","needs_id",101893
"365","Plantae","Convolvulaceae","research",157799
"366","Plantae","Corallinaceae","needs_id",8381
"367","Plantae","Corallinaceae","research",1995
"368","Plantae","Coriariaceae","needs_id",641
"369","Plantae","Coriariaceae","research",2088
"370","Plantae","Cornaceae","needs_id",67807
"371","Plantae","Cornaceae","research",80654
"372","Plantae","Corsiaceae","needs_id",1
"373","Plantae","Corsiaceae","research",66
"374","Plantae","Corsiniaceae","needs_id",4
"375","Plantae","Corsiniaceae","research",15
"376","Plantae","Corynocarpaceae","needs_id",201
"377","Plantae","Corynocarpaceae","research",1752
"378","Plantae","Costaceae","needs_id",4266
"379","Plantae","Costaceae","research",3513
"380","Plantae","Crassulaceae","needs_id",75122
"381","Plantae","Crassulaceae","research",125589
"382","Plantae","Crossosomataceae","needs_id",111
"383","Plantae","Crossosomataceae","research",471
"384","Plantae","Cryphaeaceae","needs_id",85
"385","Plantae","Cryphaeaceae","research",225
"386","Plantae","Crypteroniaceae","needs_id",2
"387","Plantae","Cucurbitaceae","needs_id",36890
"388","Plantae","Cucurbitaceae","research",60028
"389","Plantae","Culcitaceae","needs_id",2
"390","Plantae","Culcitaceae","research",21
"391","Plantae","Cunoniaceae","needs_id",1206
"392","Plantae","Cunoniaceae","research",5005
"393","Plantae","Cupressaceae","needs_id",114748
"394","Plantae","Cupressaceae","research",127336
"395","Plantae","Curtisiaceae","needs_id",24
"396","Plantae","Curtisiaceae","research",373
"397","Plantae","Cyanidiaceae","needs_id",5
"398","Plantae","Cyatheaceae","needs_id",5231
"399","Plantae","Cyatheaceae","research",8969
"400","Plantae","Cycadaceae","needs_id",715
"401","Plantae","Cycadaceae","research",515
"402","Plantae","Cyclanthaceae","needs_id",1158
"403","Plantae","Cyclanthaceae","research",516
"404","Plantae","Cylindrocapsaceae","needs_id",5
"405","Plantae","Cymodoceaceae","needs_id",419
"406","Plantae","Cymodoceaceae","research",516
"407","Plantae","Cynomoriaceae","needs_id",4
"408","Plantae","Cynomoriaceae","research",195
"409","Plantae","Cyperaceae","needs_id",233378
"410","Plantae","Cyperaceae","research",160151
"411","Plantae","Cyrillaceae","needs_id",278
"412","Plantae","Cyrillaceae","research",1929
"413","Plantae","Cyrtopodaceae","needs_id",16
"414","Plantae","Cyrtopodaceae","research",13
"415","Plantae","Cystocloniaceae","needs_id",53
"416","Plantae","Cystocloniaceae","research",19
"417","Plantae","Cystopteridaceae","needs_id",8875
"418","Plantae","Cystopteridaceae","research",11281
"419","Plantae","Cytinaceae","needs_id",190
"420","Plantae","Cytinaceae","research",809
"421","Plantae","Daltoniaceae","needs_id",31
"422","Plantae","Daltoniaceae","research",27
"423","Plantae","Daphniphyllaceae","needs_id",261
"424","Plantae","Daphniphyllaceae","research",432
"425","Plantae","Dasyaceae","needs_id",81
"426","Plantae","Dasyaceae","research",50
"427","Plantae","Dasycladaceae","needs_id",323
"428","Plantae","Dasycladaceae","research",255
"429","Plantae","Dasypogonaceae","needs_id",130
"430","Plantae","Dasypogonaceae","research",332
"431","Plantae","Datiscaceae","needs_id",18
"432","Plantae","Datiscaceae","research",646
"433","Plantae","Davalliaceae","needs_id",783
"434","Plantae","Davalliaceae","research",1081
"435","Plantae","Degeneriaceae","needs_id",1
"436","Plantae","Delesseriaceae","needs_id",1025
"437","Plantae","Delesseriaceae","research",671
"438","Plantae","Dendrocerotaceae","needs_id",24
"439","Plantae","Dendrocerotaceae","research",20
"440","Plantae","Dennstaedtiaceae","needs_id",14483
"441","Plantae","Dennstaedtiaceae","research",56076
"442","Plantae","Derbesiaceae","needs_id",18
"443","Plantae","Derbesiaceae","research",32
"444","Plantae","Desmidiaceae","needs_id",4052
"445","Plantae","Desmidiaceae","research",919
"446","Plantae","Desmophlebiaceae","research",1
"447","Plantae","Diapensiaceae","needs_id",593
"448","Plantae","Diapensiaceae","research",5484
"449","Plantae","Dichapetalaceae","needs_id",86
"450","Plantae","Dichapetalaceae","research",52
"451","Plantae","Dicksoniaceae","needs_id",702
"452","Plantae","Dicksoniaceae","research",2799
"453","Plantae","Dicnemonaceae","needs_id",31
"454","Plantae","Dicnemonaceae","research",3
"455","Plantae","Dicranaceae","needs_id",29943
"456","Plantae","Dicranaceae","research",7372
"457","Plantae","Dicranellaceae","needs_id",75
"458","Plantae","Dicranellaceae","research",28
"459","Plantae","Dictyosphaeriaceae","needs_id",96
"460","Plantae","Dictyosphaeriaceae","research",20
"461","Plantae","Didiereaceae","needs_id",523
"462","Plantae","Didiereaceae","research",1457
"463","Plantae","Didymochlaenaceae","needs_id",13
"464","Plantae","Didymochlaenaceae","research",33
"465","Plantae","Dilleniaceae","needs_id",6209
"466","Plantae","Dilleniaceae","research",5060
"467","Plantae","Dioncophyllaceae","research",2
"468","Plantae","Dioscoreaceae","needs_id",7589
"469","Plantae","Dioscoreaceae","research",12363
"470","Plantae","Dipentodontaceae","needs_id",25
"471","Plantae","Dipentodontaceae","research",108
"472","Plantae","Diphysciaceae","needs_id",2
"473","Plantae","Diphysciaceae","research",1
"474","Plantae","Diplaziopsidaceae","needs_id",7
"475","Plantae","Diplaziopsidaceae","research",973
"476","Plantae","Dipteridaceae","needs_id",18
"477","Plantae","Dipteridaceae","research",663
"478","Plantae","Dipterocarpaceae","needs_id",752
"479","Plantae","Dipterocarpaceae","research",134
"480","Plantae","Disceliaceae","research",9
"481","Plantae","Distichiaceae","needs_id",32
"482","Plantae","Distichiaceae","research",9
"483","Plantae","Ditrichaceae","needs_id",5211
"484","Plantae","Ditrichaceae","research",1383
"485","Plantae","Doryanthaceae","needs_id",60
"486","Plantae","Doryanthaceae","research",229
"487","Plantae","Droseraceae","needs_id",3487
"488","Plantae","Droseraceae","research",38133
"489","Plantae","Drosophyllaceae","needs_id",1
"490","Plantae","Drosophyllaceae","research",81
"491","Plantae","Dryopteridaceae","needs_id",40336
"492","Plantae","Dryopteridaceae","research",111139
"493","Plantae","Dumontiaceae","needs_id",357
"494","Plantae","Dumontiaceae","research",221
"495","Plantae","Dumortieraceae","needs_id",98
"496","Plantae","Dumortieraceae","research",331
"497","Plantae","Dunaliellaceae","needs_id",16
"498","Plantae","Dunaliellaceae","research",9
"499","Plantae","Ebenaceae","needs_id",6047
"500","Plantae","Ebenaceae","research",21257
"501","Plantae","Ecdeiocoleaceae","needs_id",4
"502","Plantae","Ecdeiocoleaceae","research",5
"503","Plantae","Echinodiaceae","needs_id",49
"504","Plantae","Echinodiaceae","research",56
"505","Plantae","Elaeagnaceae","needs_id",16063
"506","Plantae","Elaeagnaceae","research",34393
"507","Plantae","Elaeocarpaceae","needs_id",2374
"508","Plantae","Elaeocarpaceae","research",7393
"509","Plantae","Elakatotrichaceae","research",2
"510","Plantae","Elatinaceae","needs_id",208
"511","Plantae","Elatinaceae","research",194
"512","Plantae","Emblingiaceae","research",1
"513","Plantae","Encalyptaceae","needs_id",207
"514","Plantae","Encalyptaceae","research",235
"515","Plantae","Endocladiaceae","needs_id",213
"516","Plantae","Endocladiaceae","research",767
"517","Plantae","Endogemmataceae","research",2
"518","Plantae","Entodontaceae","needs_id",9759
"519","Plantae","Entodontaceae","research",1963
"520","Plantae","Ephedraceae","needs_id",8099
"521","Plantae","Ephedraceae","research",4884
"522","Plantae","Ephemeraceae","needs_id",28
"523","Plantae","Ephemeraceae","research",7
"524","Plantae","Equisetaceae","needs_id",33937
"525","Plantae","Equisetaceae","research",58113
"526","Plantae","Eremosphaeraceae","needs_id",2
"527","Plantae","Eremosphaeraceae","research",2
"528","Plantae","Ericaceae","needs_id",176778
"529","Plantae","Ericaceae","research",475077
"530","Plantae","Eriocaulaceae","needs_id",2334
"531","Plantae","Eriocaulaceae","research",4036
"532","Plantae","Erpodiaceae","needs_id",11
"533","Plantae","Erpodiaceae","research",2
"534","Plantae","Erythrotrichiaceae","needs_id",53
"535","Plantae","Erythrotrichiaceae","research",252
"536","Plantae","Erythroxylaceae","needs_id",889
"537","Plantae","Erythroxylaceae","research",307
"538","Plantae","Escalloniaceae","needs_id",1312
"539","Plantae","Escalloniaceae","research",1367
"540","Plantae","Eucommiaceae","needs_id",39
"541","Plantae","Eucommiaceae","research",7
"542","Plantae","Euphorbiaceae","needs_id",93111
"543","Plantae","Euphorbiaceae","research",257059
"544","Plantae","Eupomatiaceae","needs_id",23
"545","Plantae","Eupomatiaceae","research",288
"546","Plantae","Eupteleaceae","needs_id",29
"547","Plantae","Eupteleaceae","research",11
"548","Plantae","Exormothecaceae","needs_id",11
"549","Plantae","Exormothecaceae","research",7
"550","Plantae","Fabaceae","needs_id",755971
"551","Plantae","Fabaceae","research",1201604
"552","Plantae","Fabroniaceae","needs_id",101
"553","Plantae","Fabroniaceae","research",56
"554","Plantae","Fagaceae","needs_id",278368
"555","Plantae","Fagaceae","research",258732
"556","Plantae","Faucheaceae","needs_id",22
"557","Plantae","Faucheaceae","research",27
"558","Plantae","Fissidentaceae","needs_id",4168
"559","Plantae","Fissidentaceae","research",741
"560","Plantae","Flagellariaceae","needs_id",106
"561","Plantae","Flagellariaceae","research",401
"562","Plantae","Flexitrichaceae","needs_id",40
"563","Plantae","Flexitrichaceae","research",25
"564","Plantae","Fontinalaceae","needs_id",758
"565","Plantae","Fontinalaceae","research",383
"566","Plantae","Fossombroniaceae","needs_id",633
"567","Plantae","Fossombroniaceae","research",45
"568","Plantae","Fouquieriaceae","needs_id",442
"569","Plantae","Fouquieriaceae","research",16729
"570","Plantae","Francoaceae","needs_id",529
"571","Plantae","Francoaceae","research",1151
"572","Plantae","Frankeniaceae","needs_id",1005
"573","Plantae","Frankeniaceae","research",2881
"574","Plantae","Frullaniaceae","needs_id",215
"575","Plantae","Frullaniaceae","research",59
"576","Plantae","Fryeellaceae","needs_id",1
"577","Plantae","Funariaceae","needs_id",2700
"578","Plantae","Funariaceae","research",2507
"579","Plantae","Furcellariaceae","needs_id",62
"580","Plantae","Furcellariaceae","research",43
"581","Plantae","Galaxauraceae","needs_id",302
"582","Plantae","Galaxauraceae","research",50
"583","Plantae","Garryaceae","needs_id",4237
"584","Plantae","Garryaceae","research",4240
"585","Plantae","Gayraliaceae","needs_id",2
"586","Plantae","Geissolomataceae","needs_id",1
"587","Plantae","Geissolomataceae","research",7
"588","Plantae","Gelidiaceae","needs_id",585
"589","Plantae","Gelidiaceae","research",238
"590","Plantae","Gelidiellaceae","needs_id",15
"591","Plantae","Gelidiellaceae","research",6
"592","Plantae","Gelsemiaceae","needs_id",1436
"593","Plantae","Gelsemiaceae","research",3411
"594","Plantae","Gentianaceae","needs_id",35453
"595","Plantae","Gentianaceae","research",71161
"596","Plantae","Geocalycaceae","needs_id",119
"597","Plantae","Geocalycaceae","research",38
"598","Plantae","Geraniaceae","needs_id",108865
"599","Plantae","Geraniaceae","research",165494
"600","Plantae","Gerrardinaceae","needs_id",3
"601","Plantae","Gerrardinaceae","research",16
"602","Plantae","Gesneriaceae","needs_id",8869
"603","Plantae","Gesneriaceae","research",9902
"604","Plantae","Gigartinaceae","needs_id",3923
"605","Plantae","Gigartinaceae","research",3836
"606","Plantae","Gigaspermaceae","needs_id",6
"607","Plantae","Gigaspermaceae","research",22
"608","Plantae","Ginkgoaceae","needs_id",62
"609","Plantae","Ginkgoaceae","research",1066
"610","Plantae","Gisekiaceae","needs_id",67
"611","Plantae","Gisekiaceae","research",85
"612","Plantae","Glaucocystaceae","needs_id",13
"613","Plantae","Glaucocystaceae","research",1
"614","Plantae","Gleicheniaceae","needs_id",3188
"615","Plantae","Gleicheniaceae","research",6548
"616","Plantae","Gloeocystaceae","needs_id",8
"617","Plantae","Gloeocystaceae","research",1
"618","Plantae","Gloiosiphoniaceae","needs_id",9
"619","Plantae","Gloiosiphoniaceae","research",8
"620","Plantae","Glossopteridaceae","needs_id",1
"621","Plantae","Gnetaceae","needs_id",249
"622","Plantae","Gnetaceae","research",121
"623","Plantae","Goebeliellaceae","needs_id",1
"624","Plantae","Goebeliellaceae","research",1
"625","Plantae","Gomortegaceae","needs_id",4
"626","Plantae","Gomortegaceae","research",22
"627","Plantae","Gonatozygaceae","needs_id",16
"628","Plantae","Gonatozygaceae","research",8
"629","Plantae","Goniaceae","needs_id",19
"630","Plantae","Goniaceae","research",16
"631","Plantae","Goodeniaceae","needs_id",7226
"632","Plantae","Goodeniaceae","research",14767
"633","Plantae","Goupiaceae","needs_id",8
"634","Plantae","Goupiaceae","research",4
"635","Plantae","Gracilariaceae","needs_id",846
"636","Plantae","Gracilariaceae","research",204
"637","Plantae","Grimmiaceae","needs_id",8466
"638","Plantae","Grimmiaceae","research",3990
"639","Plantae","Griseliniaceae","needs_id",195
"640","Plantae","Griseliniaceae","research",2452
"641","Plantae","Grossulariaceae","needs_id",43033
"642","Plantae","Grossulariaceae","research",35351
"643","Plantae","Grubbiaceae","needs_id",112
"644","Plantae","Grubbiaceae","research",280
"645","Plantae","Gunneraceae","needs_id",1735
"646","Plantae","Gunneraceae","research",1934
"647","Plantae","Gymnomitriaceae","needs_id",225
"648","Plantae","Gymnomitriaceae","research",84
"649","Plantae","Gyrostemonaceae","needs_id",72
"650","Plantae","Gyrostemonaceae","research",68
"651","Plantae","Gyrothyraceae","needs_id",22
"652","Plantae","Gyrothyraceae","research",9
"653","Plantae","Haematococcaceae","needs_id",75
"654","Plantae","Haematococcaceae","research",25
"655","Plantae","Haemodoraceae","needs_id",2276
"656","Plantae","Haemodoraceae","research",4352
"657","Plantae","Halimedaceae","needs_id",781
"658","Plantae","Halimedaceae","research",152
"659","Plantae","Halophytaceae","needs_id",1
"660","Plantae","Halophytaceae","research",3
"661","Plantae","Haloragaceae","needs_id",5284
"662","Plantae","Haloragaceae","research",8196
"663","Plantae","Halosphaeraceae","needs_id",3
"664","Plantae","Halymeniaceae","needs_id",1170
"665","Plantae","Halymeniaceae","research",406
"666","Plantae","Hamamelidaceae","needs_id",9269
"667","Plantae","Hamamelidaceae","research",12883
"668","Plantae","Hanguanaceae","needs_id",29
"669","Plantae","Hanguanaceae","research",12
"670","Plantae","Hapalidiaceae","needs_id",6
"671","Plantae","Haplomitriaceae","needs_id",6
"672","Plantae","Haplomitriaceae","research",7
"673","Plantae","Harpanthaceae","needs_id",2
"674","Plantae","Hedwigiaceae","needs_id",4144
"675","Plantae","Hedwigiaceae","research",1083
"676","Plantae","Heliconiaceae","needs_id",6782
"677","Plantae","Heliconiaceae","research",8419
"678","Plantae","Helicophyllaceae","needs_id",1
"679","Plantae","Helwingiaceae","needs_id",25
"680","Plantae","Helwingiaceae","research",87
"681","Plantae","Hemidictyaceae","needs_id",6
"682","Plantae","Hemidictyaceae","research",5
"683","Plantae","Herbertaceae","needs_id",65
"684","Plantae","Herbertaceae","research",127
"685","Plantae","Hernandiaceae","needs_id",212
"686","Plantae","Hernandiaceae","research",330
"687","Plantae","Herzogianthaceae","needs_id",4
"688","Plantae","Herzogianthaceae","research",2
"689","Plantae","Heterocladiellaceae","needs_id",8
"690","Plantae","Heterocladiellaceae","research",2
"691","Plantae","Hildenbrandiaceae","needs_id",249
"692","Plantae","Hildenbrandiaceae","research",147
"693","Plantae","Himantandraceae","needs_id",2
"694","Plantae","Himantandraceae","research",1
"695","Plantae","Hookeriaceae","needs_id",475
"696","Plantae","Hookeriaceae","research",762
"697","Plantae","Humiriaceae","needs_id",57
"698","Plantae","Humiriaceae","research",24
"699","Plantae","Hydatellaceae","needs_id",3
"700","Plantae","Hydatellaceae","research",8
"701","Plantae","Hydrangeaceae","needs_id",27512
"702","Plantae","Hydrangeaceae","research",14033
"703","Plantae","Hydrocharitaceae","needs_id",3693
"704","Plantae","Hydrocharitaceae","research",9433
"705","Plantae","Hydrodictyaceae","needs_id",579
"706","Plantae","Hydrodictyaceae","research",439
"707","Plantae","Hydroleaceae","needs_id",404
"708","Plantae","Hydroleaceae","research",1340
"709","Plantae","Hydrostachyaceae","needs_id",1
"710","Plantae","Hydrostachyaceae","research",15
"711","Plantae","Hylocomiaceae","needs_id",8737
"712","Plantae","Hylocomiaceae","research",19393
"713","Plantae","Hymenolomataceae","needs_id",45
"714","Plantae","Hymenolomataceae","research",19
"715","Plantae","Hymenophyllaceae","needs_id",1857
"716","Plantae","Hymenophyllaceae","research",7084
"717","Plantae","Hymenophytaceae","needs_id",51
"718","Plantae","Hymenophytaceae","research",209
"719","Plantae","Hypericaceae","needs_id",56441
"720","Plantae","Hypericaceae","research",48542
"721","Plantae","Hypnaceae","needs_id",12674
"722","Plantae","Hypnaceae","research",7193
"723","Plantae","Hypneaceae","needs_id",82
"724","Plantae","Hypneaceae","research",31
"725","Plantae","Hypnodendraceae","needs_id",203
"726","Plantae","Hypnodendraceae","research",49
"727","Plantae","Hypodematiaceae","needs_id",20
"728","Plantae","Hypodematiaceae","research",19
"729","Plantae","Hypopterygiaceae","needs_id",921
"730","Plantae","Hypopterygiaceae","research",187
"731","Plantae","Hypoxidaceae","needs_id",6892
"732","Plantae","Hypoxidaceae","research",8100
"733","Plantae","Icacinaceae","needs_id",329
"734","Plantae","Icacinaceae","research",520
"735","Plantae","Iridaceae","needs_id",111967
"736","Plantae","Iridaceae","research",148094
"737","Plantae","Irvingiaceae","needs_id",28
"738","Plantae","Irvingiaceae","research",2
"739","Plantae","Isoetaceae","needs_id",664
"740","Plantae","Isoetaceae","research",393
"741","Plantae","Iteaceae","needs_id",1775
"742","Plantae","Iteaceae","research",2164
"743","Plantae","Ixioliriaceae","needs_id",28
"744","Plantae","Ixioliriaceae","research",122
"745","Plantae","Ixonanthaceae","needs_id",25
"746","Plantae","Ixonanthaceae","research",2
"747","Plantae","Jocheniaceae","needs_id",75
"748","Plantae","Jocheniaceae","research",11
"749","Plantae","Joinvilleaceae","needs_id",16
"750","Plantae","Joinvilleaceae","research",13
"751","Plantae","Jubulaceae","needs_id",4154
"752","Plantae","Jubulaceae","research",1550
"753","Plantae","Juglandaceae","needs_id",78508
"754","Plantae","Juglandaceae","research",42286
"755","Plantae","Juncaceae","needs_id",52646
"756","Plantae","Juncaceae","research",30293
"757","Plantae","Juncaginaceae","needs_id",2224
"758","Plantae","Juncaginaceae","research",2821
"759","Plantae","Jungermanniaceae","needs_id",440
"760","Plantae","Jungermanniaceae","research",151
"761","Plantae","Kallymeniaceae","needs_id",466
"762","Plantae","Kallymeniaceae","research",290
"763","Plantae","Kewaceae","needs_id",61
"764","Plantae","Kewaceae","research",141
"765","Plantae","Kirkiaceae","needs_id",34
"766","Plantae","Kirkiaceae","research",57
"767","Plantae","Klebsormidiaceae","needs_id",66
"768","Plantae","Klebsormidiaceae","research",2
"769","Plantae","Koeberliniaceae","needs_id",242
"770","Plantae","Koeberliniaceae","research",1439
"771","Plantae","Koliellaceae","needs_id",1
"772","Plantae","Kornmanniaceae","needs_id",7
"773","Plantae","Kornmanniaceae","research",2
"774","Plantae","Krameriaceae","needs_id",1595
"775","Plantae","Krameriaceae","research",5127
"776","Plantae","Lacistemataceae","needs_id",68
"777","Plantae","Lacistemataceae","research",47
"778","Plantae","Lamiaceae","needs_id",261623
"779","Plantae","Lamiaceae","research",700409
"780","Plantae","Lanariaceae","needs_id",52
"781","Plantae","Lanariaceae","research",426
"782","Plantae","Lardizabalaceae","needs_id",747
"783","Plantae","Lardizabalaceae","research",1535
"784","Plantae","Lauraceae","needs_id",24705
"785","Plantae","Lauraceae","research",68502
"786","Plantae","Lecythidaceae","needs_id",1623
"787","Plantae","Lecythidaceae","research",2680
"788","Plantae","Leiosporocerotaceae","needs_id",1
"789","Plantae","Lejeuneaceae","needs_id",446
"790","Plantae","Lejeuneaceae","research",157
"791","Plantae","Lemaneaceae","needs_id",26
"792","Plantae","Lembophyllaceae","needs_id",1999
"793","Plantae","Lembophyllaceae","research",1489
"794","Plantae","Lentibulariaceae","needs_id",7303
"795","Plantae","Lentibulariaceae","research",18452
"796","Plantae","Lepicoleaceae","needs_id",8
"797","Plantae","Lepicoleaceae","research",3
"798","Plantae","Lepidobotryaceae","needs_id",1
"799","Plantae","Lepidobotryaceae","research",9
"800","Plantae","Lepidodendraceae","needs_id",11
"801","Plantae","Lepidolaenaceae","needs_id",52
"802","Plantae","Lepidolaenaceae","research",18
"803","Plantae","Lepidoziaceae","needs_id",1654
"804","Plantae","Lepidoziaceae","research",1550
"805","Plantae","Leptodontaceae","needs_id",18
"806","Plantae","Leptodontaceae","research",72
"807","Plantae","Lepyrodontaceae","needs_id",6
"808","Plantae","Lepyrodontaceae","research",1
"809","Plantae","Leskeaceae","needs_id",330
"810","Plantae","Leskeaceae","research",155
"811","Plantae","Leucobryaceae","needs_id",201
"812","Plantae","Leucobryaceae","research",51
"813","Plantae","Leucodontaceae","needs_id",2016
"814","Plantae","Leucodontaceae","research",2670
"815","Plantae","Leucomiaceae","needs_id",6
"816","Plantae","Liagoraceae","needs_id",200
"817","Plantae","Liagoraceae","research",314
"818","Plantae","Liliaceae","needs_id",35962
"819","Plantae","Liliaceae","research",184118
"820","Plantae","Limeaceae","needs_id",265
"821","Plantae","Limeaceae","research",225
"822","Plantae","Limnanthaceae","needs_id",1194
"823","Plantae","Limnanthaceae","research",2119
"824","Plantae","Linaceae","needs_id",18018
"825","Plantae","Linaceae","research",15311
"826","Plantae","Linderniaceae","needs_id",2184
"827","Plantae","Linderniaceae","research",7015
"828","Plantae","Lindsaeaceae","needs_id",563
"829","Plantae","Lindsaeaceae","research",2714
"830","Plantae","Lithophyllaceae","needs_id",4
"831","Plantae","Loasaceae","needs_id",6715
"832","Plantae","Loasaceae","research",12516
"833","Plantae","Loganiaceae","needs_id",2430
"834","Plantae","Loganiaceae","research",5941
"835","Plantae","Lomariopsidaceae","needs_id",73
"836","Plantae","Lomariopsidaceae","research",70
"837","Plantae","Lomentariaceae","needs_id",31
"838","Plantae","Lomentariaceae","research",43
"839","Plantae","Lonchitidaceae","needs_id",14
"840","Plantae","Lonchitidaceae","research",7
"841","Plantae","Lophiocarpaceae","needs_id",22
"842","Plantae","Lophiocarpaceae","research",51
"843","Plantae","Lophocoleaceae","needs_id",1394
"844","Plantae","Lophocoleaceae","research",926
"845","Plantae","Lophoziaceae","needs_id",101
"846","Plantae","Lophoziaceae","research",22
"847","Plantae","Loranthaceae","needs_id",4334
"848","Plantae","Loranthaceae","research",7151
"849","Plantae","Lowiaceae","needs_id",6
"850","Plantae","Lowiaceae","research",1
"851","Plantae","Loxsomataceae","research",62
"852","Plantae","Lunulariaceae","needs_id",151
"853","Plantae","Lunulariaceae","research",2969
"854","Plantae","Lycopodiaceae","needs_id",24550
"855","Plantae","Lycopodiaceae","research",46322
"856","Plantae","Lygodiaceae","needs_id",1269
"857","Plantae","Lygodiaceae","research",8348
"858","Plantae","Lythraceae","needs_id",21945
"859","Plantae","Lythraceae","research",53851
"860","Plantae","Macarthuriaceae","needs_id",7
"861","Plantae","Macarthuriaceae","research",32
"862","Plantae","Magnoliaceae","needs_id",18901
"863","Plantae","Magnoliaceae","research",49068
"864","Plantae","Makinoaceae","research",2
"865","Plantae","Malpighiaceae","needs_id",7095
"866","Plantae","Malpighiaceae","research",5682
"867","Plantae","Malvaceae","needs_id",196218
"868","Plantae","Malvaceae","research",206721
"869","Plantae","Marantaceae","needs_id",3760
"870","Plantae","Marantaceae","research",3104
"871","Plantae","Marattiaceae","needs_id",586
"872","Plantae","Marattiaceae","research",2099
"873","Plantae","Marcgraviaceae","needs_id",381
"874","Plantae","Marcgraviaceae","research",265
"875","Plantae","Marchantiaceae","needs_id",2816
"876","Plantae","Marchantiaceae","research",5974
"877","Plantae","Marsileaceae","needs_id",939
"878","Plantae","Marsileaceae","research",1011
"879","Plantae","Martyniaceae","needs_id",1244
"880","Plantae","Martyniaceae","research",3119
"881","Plantae","Mastigophoraceae","needs_id",14
"882","Plantae","Mastigophoraceae","research",19
"883","Plantae","Matoniaceae","needs_id",1
"884","Plantae","Matoniaceae","research",3
"885","Plantae","Maundiaceae","research",1
"886","Plantae","Mayacaceae","needs_id",39
"887","Plantae","Mayacaceae","research",172
"888","Plantae","Mazaceae","needs_id",1804
"889","Plantae","Mazaceae","research",4259
"890","Plantae","Meesiaceae","needs_id",29
"891","Plantae","Meesiaceae","research",96
"892","Plantae","Melanthiaceae","needs_id",25416
"893","Plantae","Melanthiaceae","research",122340
"894","Plantae","Melastomataceae","needs_id",30245
"895","Plantae","Melastomataceae","research",20902
"896","Plantae","Meliaceae","needs_id",8082
"897","Plantae","Meliaceae","research",18532
"898","Plantae","Menispermaceae","needs_id",4936
"899","Plantae","Menispermaceae","research",14006
"900","Plantae","Menyanthaceae","needs_id",1450
"901","Plantae","Menyanthaceae","research",8347
"902","Plantae","Mesotaeniaceae","needs_id",237
"903","Plantae","Mesotaeniaceae","research",104
"904","Plantae","Metaxyaceae","needs_id",8
"905","Plantae","Metaxyaceae","research",12
"906","Plantae","Meteoriaceae","needs_id",167
"907","Plantae","Meteoriaceae","research",26
"908","Plantae","Metteniusaceae","needs_id",18
"909","Plantae","Metteniusaceae","research",1
"910","Plantae","Metzgeriaceae","needs_id",613
"911","Plantae","Metzgeriaceae","research",933
"912","Plantae","Micractiniaceae","needs_id",12
"913","Plantae","Micractiniaceae","research",9
"914","Plantae","Micromitriaceae","needs_id",1
"915","Plantae","Microteaceae","needs_id",10
"916","Plantae","Microteaceae","research",4
"917","Plantae","Misodendraceae","needs_id",155
"918","Plantae","Misodendraceae","research",181
"919","Plantae","Mitrastemonaceae","needs_id",15
"920","Plantae","Mitrastemonaceae","research",54
"921","Plantae","Mitteniaceae","needs_id",15
"922","Plantae","Mniaceae","needs_id",14431
"923","Plantae","Mniaceae","research",7687
"924","Plantae","Moerckiaceae","needs_id",10
"925","Plantae","Moerckiaceae","research",3
"926","Plantae","Molluginaceae","needs_id",1691
"927","Plantae","Molluginaceae","research",3668
"928","Plantae","Monimiaceae","needs_id",605
"929","Plantae","Monimiaceae","research",2347
"930","Plantae","Monocarpaceae","needs_id",1
"931","Plantae","Monocleaceae","needs_id",92
"932","Plantae","Monocleaceae","research",326
"933","Plantae","Monosoleniaceae","needs_id",1
"934","Plantae","Monosoleniaceae","research",2
"935","Plantae","Monostromataceae","needs_id",6
"936","Plantae","Monostromataceae","research",3
"937","Plantae","Montiaceae","needs_id",23019
"938","Plantae","Montiaceae","research",71173
"939","Plantae","Montiniaceae","needs_id",143
"940","Plantae","Montiniaceae","research",844
"941","Plantae","Moraceae","needs_id",76535
"942","Plantae","Moraceae","research",75531
"943","Plantae","Moringaceae","needs_id",1229
"944","Plantae","Moringaceae","research",962
"945","Plantae","Muntingiaceae","needs_id",369
"946","Plantae","Muntingiaceae","research",1793
"947","Plantae","Musaceae","needs_id",5988
"948","Plantae","Musaceae","research",4392
"949","Plantae","Mychodeaceae","needs_id",1
"950","Plantae","Myliaceae","needs_id",103
"951","Plantae","Myliaceae","research",46
"952","Plantae","Myodocarpaceae","needs_id",35
"953","Plantae","Myodocarpaceae","research",9
"954","Plantae","Myricaceae","needs_id",6058
"955","Plantae","Myricaceae","research",26612
"956","Plantae","Myristicaceae","needs_id",667
"957","Plantae","Myristicaceae","research",188
"958","Plantae","Myrothamnaceae","needs_id",4
"959","Plantae","Myrothamnaceae","research",126
"960","Plantae","Myrtaceae","needs_id",71059
"961","Plantae","Myrtaceae","research",64384
"962","Plantae","Myuriaceae","needs_id",7
"963","Plantae","Nartheciaceae","needs_id",976
"964","Plantae","Nartheciaceae","research",3186
"965","Plantae","Neckeraceae","needs_id",10118
"966","Plantae","Neckeraceae","research",3395
"967","Plantae","Nelumbonaceae","needs_id",532
"968","Plantae","Nelumbonaceae","research",4925
"969","Plantae","Nemastomaceae","needs_id",3
"970","Plantae","Nemastomaceae","research",9
"971","Plantae","Nemastomataceae","needs_id",7
"972","Plantae","Nemastomataceae","research",1
"973","Plantae","Neochloridaceae","needs_id",13
"974","Plantae","Neochloridaceae","research",7
"975","Plantae","Neotrichocoleaceae","needs_id",1
"976","Plantae","Nepenthaceae","needs_id",155
"977","Plantae","Nepenthaceae","research",2202
"978","Plantae","Nephrolepidaceae","needs_id",7205
"979","Plantae","Nephrolepidaceae","research",5734
"980","Plantae","Neuradaceae","needs_id",159
"981","Plantae","Neuradaceae","research",363
"982","Plantae","Nitrariaceae","needs_id",197
"983","Plantae","Nitrariaceae","research",1027
"984","Plantae","Nizymeniaceae","needs_id",1
"985","Plantae","Nothofagaceae","needs_id",949
"986","Plantae","Nothofagaceae","research",3773
"987","Plantae","Notothyladaceae","needs_id",124
"988","Plantae","Notothyladaceae","research",134
"989","Plantae","Nyctaginaceae","needs_id",21960
"990","Plantae","Nyctaginaceae","research",40096
"991","Plantae","Nymphaeaceae","needs_id",24742
"992","Plantae","Nymphaeaceae","research",26724
"993","Plantae","Nyssaceae","needs_id",9988
"994","Plantae","Nyssaceae","research",4184
"995","Plantae","Ochnaceae","needs_id",1784
"996","Plantae","Ochnaceae","research",1533
"997","Plantae","Octoblepharaceae","needs_id",642
"998","Plantae","Octoblepharaceae","research",404
"999","Plantae","Oedipodiaceae","needs_id",3
"1000","Plantae","Oedogoniaceae","needs_id",281
"1001","Plantae","Oedogoniaceae","research",51
"1002","Plantae","Olacaceae","needs_id",655
"1003","Plantae","Olacaceae","research",1249
"1004","Plantae","Oleaceae","needs_id",131486
"1005","Plantae","Oleaceae","research",87988
"1006","Plantae","Oleandraceae","needs_id",33
"1007","Plantae","Oleandraceae","research",22
"1008","Plantae","Onagraceae","needs_id",168787
"1009","Plantae","Onagraceae","research",199013
"1010","Plantae","Onocleaceae","needs_id",1634
"1011","Plantae","Onocleaceae","research",46601
"1012","Plantae","Oocystaceae","needs_id",148
"1013","Plantae","Oocystaceae","research",42
"1014","Plantae","Ophioglossaceae","needs_id",6899
"1015","Plantae","Ophioglossaceae","research",14340
"1016","Plantae","Opiliaceae","needs_id",114
"1017","Plantae","Opiliaceae","research",545
"1018","Plantae","Orchidaceae","needs_id",110235
"1019","Plantae","Orchidaceae","research",449010
"1020","Plantae","Orobanchaceae","needs_id",90506
"1021","Plantae","Orobanchaceae","research",175039
"1022","Plantae","Orthorrhynchiaceae","needs_id",6
"1023","Plantae","Orthorrhynchiaceae","research",3
"1024","Plantae","Orthotrichaceae","needs_id",15325
"1025","Plantae","Orthotrichaceae","research",3472
"1026","Plantae","Osmundaceae","needs_id",8560
"1027","Plantae","Osmundaceae","research",33970
"1028","Plantae","Oxalidaceae","needs_id",67342
"1029","Plantae","Oxalidaceae","research",106785
"1030","Plantae","Oxymitraceae","needs_id",10
"1031","Plantae","Oxymitraceae","research",14
"1032","Plantae","Paeoniaceae","needs_id",3204
"1033","Plantae","Paeoniaceae","research",5589
"1034","Plantae","Pallaviciniaceae","needs_id",592
"1035","Plantae","Pallaviciniaceae","research",297
"1036","Plantae","Palmariaceae","needs_id",374
"1037","Plantae","Palmariaceae","research",1231
"1038","Plantae","Palmellopsidaceae","needs_id",14
"1039","Plantae","Palmellopsidaceae","research",12
"1040","Plantae","Pandaceae","needs_id",10
"1041","Plantae","Pandaceae","research",5
"1042","Plantae","Pandanaceae","needs_id",3581
"1043","Plantae","Pandanaceae","research",4434
"1044","Plantae","Papaveraceae","needs_id",63855
"1045","Plantae","Papaveraceae","research",203882
"1046","Plantae","Paracryphiaceae","needs_id",99
"1047","Plantae","Paracryphiaceae","research",396
"1048","Plantae","Passifloraceae","needs_id",5120
"1049","Plantae","Passifloraceae","research",53535
"1050","Plantae","Paulowniaceae","needs_id",3333
"1051","Plantae","Paulowniaceae","research",8282
"1052","Plantae","Pedaliaceae","needs_id",545
"1053","Plantae","Pedaliaceae","research",1394
"1054","Plantae","Pelliaceae","needs_id",1803
"1055","Plantae","Pelliaceae","research",685
"1056","Plantae","Penaeaceae","needs_id",649
"1057","Plantae","Penaeaceae","research",2459
"1058","Plantae","Peniaceae","needs_id",43
"1059","Plantae","Peniaceae","research",4
"1060","Plantae","Pennantiaceae","needs_id",40
"1061","Plantae","Pennantiaceae","research",1017
"1062","Plantae","Pentaphragmataceae","needs_id",23
"1063","Plantae","Pentaphragmataceae","research",11
"1064","Plantae","Pentaphylacaceae","needs_id",1911
"1065","Plantae","Pentaphylacaceae","research",1069
"1066","Plantae","Penthoraceae","needs_id",333
"1067","Plantae","Penthoraceae","research",1933
"1068","Plantae","Peraceae","needs_id",1057
"1069","Plantae","Peraceae","research",603
"1070","Plantae","Peridiscaceae","needs_id",2
"1071","Plantae","Peridiscaceae","research",1
"1072","Plantae","Petalophyllaceae","needs_id",1
"1073","Plantae","Petalophyllaceae","research",7
"1074","Plantae","Petenaeaceae","needs_id",2
"1075","Plantae","Petenaeaceae","research",9
"1076","Plantae","Petermanniaceae","needs_id",8
"1077","Plantae","Petermanniaceae","research",42
"1078","Plantae","Petiveriaceae","needs_id",734
"1079","Plantae","Petiveriaceae","research",8938
"1080","Plantae","Petrocelidaceae","needs_id",5
"1081","Plantae","Petrosaviaceae","needs_id",1
"1082","Plantae","Petrosaviaceae","research",3
"1083","Plantae","Peyssonneliaceae","needs_id",112
"1084","Plantae","Peyssonneliaceae","research",19
"1085","Plantae","Phacelocarpaceae","needs_id",3
"1086","Plantae","Phacotaceae","needs_id",4
"1087","Plantae","Phacotaceae","research",1
"1088","Plantae","Phaeophilaceae","needs_id",1
"1089","Plantae","Phellinaceae","needs_id",1
"1090","Plantae","Philesiaceae","needs_id",4
"1091","Plantae","Philesiaceae","research",435
"1092","Plantae","Philydraceae","needs_id",23
"1093","Plantae","Philydraceae","research",363
"1094","Plantae","Phrymaceae","needs_id",25679
"1095","Plantae","Phrymaceae","research",51920
"1096","Plantae","Phyllanthaceae","needs_id",13719
"1097","Plantae","Phyllanthaceae","research",17535
"1098","Plantae","Phyllogoniaceae","needs_id",4
"1099","Plantae","Phyllonomaceae","needs_id",9
"1100","Plantae","Phyllonomaceae","research",19
"1101","Plantae","Phyllophoraceae","needs_id",1634
"1102","Plantae","Phyllophoraceae","research",1813
"1103","Plantae","Phyllosiphonaceae","needs_id",3
"1104","Plantae","Phyllosiphonaceae","research",1
"1105","Plantae","Physenaceae","needs_id",5
"1106","Plantae","Physenaceae","research",27
"1107","Plantae","Phytolaccaceae","needs_id",4154
"1108","Plantae","Phytolaccaceae","research",64772
"1109","Plantae","Picramniaceae","needs_id",222
"1110","Plantae","Picramniaceae","research",211
"1111","Plantae","Picrodendraceae","needs_id",345
"1112","Plantae","Picrodendraceae","research",962
"1113","Plantae","Pinaceae","needs_id",244017
"1114","Plantae","Pinaceae","research",270609
"1115","Plantae","Piperaceae","needs_id",10216
"1116","Plantae","Piperaceae","research",11392
"1117","Plantae","Pithophoraceae","needs_id",3
"1118","Plantae","Pittosporaceae","needs_id",5484
"1119","Plantae","Pittosporaceae","research",19433
"1120","Plantae","Plagiochilaceae","needs_id",1092
"1121","Plantae","Plagiochilaceae","research",649
"1122","Plantae","Plagiogyriaceae","needs_id",89
"1123","Plantae","Plagiogyriaceae","research",434
"1124","Plantae","Plagiotheciaceae","needs_id",1135
"1125","Plantae","Plagiotheciaceae","research",2660
"1126","Plantae","Plantaginaceae","needs_id",144767
"1127","Plantae","Plantaginaceae","research",431293
"1128","Plantae","Platanaceae","needs_id",22024
"1129","Plantae","Platanaceae","research",28301
"1130","Plantae","Pleurastraceae","needs_id",1
"1131","Plantae","Pleurophascaceae","needs_id",1
"1132","Plantae","Pleurophascaceae","research",20
"1133","Plantae","Pleuroziaceae","needs_id",20
"1134","Plantae","Pleuroziaceae","research",24
"1135","Plantae","Pleuroziopsaceae","needs_id",12
"1136","Plantae","Pleuroziopsaceae","research",9
"1137","Plantae","Plocamiaceae","needs_id",977
"1138","Plantae","Plocamiaceae","research",607
"1139","Plantae","Plocospermataceae","needs_id",4
"1140","Plantae","Plocospermataceae","research",11
"1141","Plantae","Plumbaginaceae","needs_id",14552
"1142","Plantae","Plumbaginaceae","research",22553
"1143","Plantae","Poaceae","needs_id",569465
"1144","Plantae","Poaceae","research",521403
"1145","Plantae","Podocarpaceae","needs_id",3884
"1146","Plantae","Podocarpaceae","research",14797
"1147","Plantae","Podostemaceae","needs_id",97
"1148","Plantae","Podostemaceae","research",112
"1149","Plantae","Polemoniaceae","needs_id",42733
"1150","Plantae","Polemoniaceae","research",88901
"1151","Plantae","Polyblepharidaceae","needs_id",3
"1152","Plantae","Polygalaceae","needs_id",21323
"1153","Plantae","Polygalaceae","research",37661
"1154","Plantae","Polygonaceae","needs_id",253615
"1155","Plantae","Polygonaceae","research",236846
"1156","Plantae","Polyidaceae","needs_id",22
"1157","Plantae","Polyidaceae","research",25
"1158","Plantae","Polyphysaceae","needs_id",50
"1159","Plantae","Polyphysaceae","research",35
"1160","Plantae","Polypodiaceae","needs_id",29756
"1161","Plantae","Polypodiaceae","research",54674
"1162","Plantae","Polytrichaceae","needs_id",42806
"1163","Plantae","Polytrichaceae","research",13535
"1164","Plantae","Pontederiaceae","needs_id",4419
"1165","Plantae","Pontederiaceae","research",22137
"1166","Plantae","Porellaceae","needs_id",2081
"1167","Plantae","Porellaceae","research",1857
"1168","Plantae","Portulacaceae","needs_id",10079
"1169","Plantae","Portulacaceae","research",20221
"1170","Plantae","Posidoniaceae","needs_id",471
"1171","Plantae","Posidoniaceae","research",574
"1172","Plantae","Potamogetonaceae","needs_id",7981
"1173","Plantae","Potamogetonaceae","research",8353
"1174","Plantae","Pottiaceae","needs_id",16798
"1175","Plantae","Pottiaceae","research",7426
"1176","Plantae","Prasiolaceae","needs_id",96
"1177","Plantae","Prasiolaceae","research",36
"1178","Plantae","Primulaceae","needs_id",36527
"1179","Plantae","Primulaceae","research",179656
"1180","Plantae","Proteaceae","needs_id",22560
"1181","Plantae","Proteaceae","research",84616
"1182","Plantae","Pseudoanemoniaceae","needs_id",1
"1183","Plantae","Pseudocodiaceae","needs_id",4
"1184","Plantae","Pseudolepicoleaceae","needs_id",16
"1185","Plantae","Pseudolepicoleaceae","research",37
"1186","Plantae","Pseudoleskeaceae","needs_id",22
"1187","Plantae","Pseudoleskeaceae","research",13
"1188","Plantae","Pseudoleskeellaceae","needs_id",10
"1189","Plantae","Pseudoleskeellaceae","research",33
"1190","Plantae","Psilotaceae","needs_id",244
"1191","Plantae","Psilotaceae","research",3203
"1192","Plantae","Pteridaceae","needs_id",23720
"1193","Plantae","Pteridaceae","research",81639
"1194","Plantae","Pterigynandraceae","needs_id",18
"1195","Plantae","Pterigynandraceae","research",28
"1196","Plantae","Pterobryaceae","needs_id",62
"1197","Plantae","Pterobryaceae","research",39
"1198","Plantae","Pterocladiaceae","needs_id",1
"1199","Plantae","Ptilidiaceae","needs_id",769
"1200","Plantae","Ptilidiaceae","research",718
"1201","Plantae","Ptychomitriaceae","needs_id",90
"1202","Plantae","Ptychomitriaceae","research",37
"1203","Plantae","Ptychomniaceae","needs_id",136
"1204","Plantae","Ptychomniaceae","research",549
"1205","Plantae","Putranjivaceae","needs_id",319
"1206","Plantae","Putranjivaceae","research",400
"1207","Plantae","Pylaisiaceae","needs_id",70
"1208","Plantae","Pylaisiaceae","research",34
"1209","Plantae","Pylaisiadelphaceae","needs_id",35
"1210","Plantae","Pylaisiadelphaceae","research",6
"1211","Plantae","Quillajaceae","needs_id",87
"1212","Plantae","Quillajaceae","research",429
"1213","Plantae","Racopilaceae","needs_id",191
"1214","Plantae","Racopilaceae","research",99
"1215","Plantae","Radiococcaceae","needs_id",18
"1216","Plantae","Radiococcaceae","research",2
"1217","Plantae","Radulaceae","needs_id",1187
"1218","Plantae","Radulaceae","research",1527
"1219","Plantae","Rafflesiaceae","needs_id",103
"1220","Plantae","Rafflesiaceae","research",196
"1221","Plantae","Ranunculaceae","needs_id",278601
"1222","Plantae","Ranunculaceae","research",464344
"1223","Plantae","Rapateaceae","needs_id",34
"1224","Plantae","Rapateaceae","research",65
"1225","Plantae","Rebouliaceae","needs_id",2169
"1226","Plantae","Rebouliaceae","research",1614
"1227","Plantae","Resedaceae","needs_id",3082
"1228","Plantae","Resedaceae","research",6865
"1229","Plantae","Restionaceae","needs_id",10845
"1230","Plantae","Restionaceae","research",6354
"1231","Plantae","Rhabdodendraceae","needs_id",1
"1232","Plantae","Rhabdodendraceae","research",1
"1233","Plantae","Rhabdoweisiaceae","needs_id",33
"1234","Plantae","Rhabdoweisiaceae","research",11
"1235","Plantae","Rhachidosoraceae","needs_id",2
"1236","Plantae","Rhacocarpaceae","needs_id",54
"1237","Plantae","Rhacocarpaceae","research",39
"1238","Plantae","Rhamnaceae","needs_id",49000
"1239","Plantae","Rhamnaceae","research",103299
"1240","Plantae","Rhizogoniaceae","needs_id",483
"1241","Plantae","Rhizogoniaceae","research",310
"1242","Plantae","Rhizophoraceae","needs_id",3578
"1243","Plantae","Rhizophoraceae","research",7561
"1244","Plantae","Rhizophyllidaceae","needs_id",12
"1245","Plantae","Rhizophyllidaceae","research",2
"1246","Plantae","Rhodochaetaceae","needs_id",1
"1247","Plantae","Rhodomelaceae","needs_id",2219
"1248","Plantae","Rhodomelaceae","research",1691
"1249","Plantae","Rhodophysemataceae","needs_id",1
"1250","Plantae","Rhodothamniellaceae","needs_id",2
"1251","Plantae","Rhodothamniellaceae","research",7
"1252","Plantae","Rhodymeniaceae","needs_id",501
"1253","Plantae","Rhodymeniaceae","research",239
"1254","Plantae","Rhytidiaceae","needs_id",1
"1255","Plantae","Ricciaceae","needs_id",1677
"1256","Plantae","Ricciaceae","research",2059
"1257","Plantae","Riellaceae","research",1
"1258","Plantae","Rigodiaceae","needs_id",6
"1259","Plantae","Rigodiaceae","research",8
"1260","Plantae","Ripogonaceae","needs_id",245
"1261","Plantae","Ripogonaceae","research",1126
"1262","Plantae","Rissoellaceae","needs_id",2
"1263","Plantae","Rissoellaceae","research",1
"1264","Plantae","Roridulaceae","needs_id",1
"1265","Plantae","Roridulaceae","research",113
"1266","Plantae","Rosaceae","needs_id",823406
"1267","Plantae","Rosaceae","research",785802
"1268","Plantae","Rousseaceae","needs_id",108
"1269","Plantae","Rousseaceae","research",1539
"1270","Plantae","Rubiaceae","needs_id",146873
"1271","Plantae","Rubiaceae","research",249723
"1272","Plantae","Ruppiaceae","needs_id",255
"1273","Plantae","Ruppiaceae","research",147
"1274","Plantae","Rutaceae","needs_id",28785
"1275","Plantae","Rutaceae","research",48719
"1276","Plantae","Rutenbergiaceae","needs_id",1
"1277","Plantae","Sabiaceae","needs_id",279
"1278","Plantae","Sabiaceae","research",437
"1279","Plantae","Saccolomataceae","needs_id",14
"1280","Plantae","Saccolomataceae","research",9
"1281","Plantae","Saelaniaceae","needs_id",1
"1282","Plantae","Saelaniaceae","research",9
"1283","Plantae","Salicaceae","needs_id",174376
"1284","Plantae","Salicaceae","research",112913
"1285","Plantae","Salvadoraceae","needs_id",328
"1286","Plantae","Salvadoraceae","research",525
"1287","Plantae","Salviniaceae","needs_id",2839
"1288","Plantae","Salviniaceae","research",4573
"1289","Plantae","Santalaceae","needs_id",15659
"1290","Plantae","Santalaceae","research",33403
"1291","Plantae","Sapindaceae","needs_id",141352
"1292","Plantae","Sapindaceae","research",261345
"1293","Plantae","Sapotaceae","needs_id",5772
"1294","Plantae","Sapotaceae","research",9782
"1295","Plantae","Sarcobataceae","needs_id",415
"1296","Plantae","Sarcobataceae","research",809
"1297","Plantae","Sarcodiaceae","needs_id",18
"1298","Plantae","Sarcodiaceae","research",30
"1299","Plantae","Sarcolaenaceae","needs_id",104
"1300","Plantae","Sarcolaenaceae","research",278
"1301","Plantae","Sarcomeniaceae","needs_id",3
"1302","Plantae","Sarraceniaceae","needs_id",399
"1303","Plantae","Sarraceniaceae","research",19306
"1304","Plantae","Saururaceae","needs_id",2211
"1305","Plantae","Saururaceae","research",10828
"1306","Plantae","Saxifragaceae","needs_id",43043
"1307","Plantae","Saxifragaceae","research",73850
"1308","Plantae","Scapaniaceae","needs_id",1999
"1309","Plantae","Scapaniaceae","research",913
"1310","Plantae","Scenedesmaceae","needs_id",751
"1311","Plantae","Scenedesmaceae","research",118
"1312","Plantae","Scheuchzeriaceae","needs_id",81
"1313","Plantae","Scheuchzeriaceae","research",971
"1314","Plantae","Schisandraceae","needs_id",698
"1315","Plantae","Schisandraceae","research",1083
"1316","Plantae","Schistochilaceae","needs_id",164
"1317","Plantae","Schistochilaceae","research",101
"1318","Plantae","Schistostegaceae","needs_id",10
"1319","Plantae","Schistostegaceae","research",145
"1320","Plantae","Schizaeaceae","needs_id",210
"1321","Plantae","Schizaeaceae","research",1210
"1322","Plantae","Schizymeniaceae","needs_id",27
"1323","Plantae","Schizymeniaceae","research",3
"1324","Plantae","Schlegeliaceae","needs_id",35
"1325","Plantae","Schlegeliaceae","research",30
"1326","Plantae","Schoepfiaceae","needs_id",111
"1327","Plantae","Schoepfiaceae","research",571
"1328","Plantae","Schroederiaceae","needs_id",4
"1329","Plantae","Sciadopityaceae","needs_id",37
"1330","Plantae","Sciadopityaceae","research",37
"1331","Plantae","Scinaiaceae","needs_id",90
"1332","Plantae","Scinaiaceae","research",19
"1333","Plantae","Scorpidiaceae","needs_id",41
"1334","Plantae","Scorpidiaceae","research",13
"1335","Plantae","Scouleriaceae","needs_id",4
"1336","Plantae","Scrophulariaceae","needs_id",60490
"1337","Plantae","Scrophulariaceae","research",119030
"1338","Plantae","Sebdeniaceae","needs_id",4
"1339","Plantae","Selaginellaceae","needs_id",10931
"1340","Plantae","Selaginellaceae","research",12743
"1341","Plantae","Selenastraceae","needs_id",107
"1342","Plantae","Selenastraceae","research",19
"1343","Plantae","Seligeriaceae","needs_id",84
"1344","Plantae","Seligeriaceae","research",47
"1345","Plantae","Sematophyllaceae","needs_id",298
"1346","Plantae","Sematophyllaceae","research",167
"1347","Plantae","Setchellanthaceae","research",10
"1348","Plantae","Simaroubaceae","needs_id",3803
"1349","Plantae","Simaroubaceae","research",31697
"1350","Plantae","Simmondsiaceae","needs_id",412
"1351","Plantae","Simmondsiaceae","research",4363
"1352","Plantae","Siparunaceae","needs_id",641
"1353","Plantae","Siparunaceae","research",157
"1354","Plantae","Siphonocladaceae","needs_id",38
"1355","Plantae","Siphonocladaceae","research",1
"1356","Plantae","Sladeniaceae","needs_id",1
"1357","Plantae","Smilacaceae","needs_id",27424
"1358","Plantae","Smilacaceae","research",44882
"1359","Plantae","Solanaceae","needs_id",136871
"1360","Plantae","Solanaceae","research",210283
"1361","Plantae","Solenostomataceae","needs_id",12
"1362","Plantae","Solenostomataceae","research",3
"1363","Plantae","Solieriaceae","needs_id",1162
"1364","Plantae","Solieriaceae","research",517
"1365","Plantae","Sphaerocarpaceae","needs_id",136
"1366","Plantae","Sphaerocarpaceae","research",115
"1367","Plantae","Sphaerococcaceae","needs_id",34
"1368","Plantae","Sphaerococcaceae","research",20
"1369","Plantae","Sphaerocystidaceae","needs_id",33
"1370","Plantae","Sphaeropleaceae","needs_id",1
"1371","Plantae","Sphaeropleaceae","research",3
"1372","Plantae","Sphaerosepalaceae","needs_id",23
"1373","Plantae","Sphaerosepalaceae","research",47
"1374","Plantae","Sphagnaceae","needs_id",19355
"1375","Plantae","Sphagnaceae","research",3684
"1376","Plantae","Sphenocleaceae","needs_id",5
"1377","Plantae","Sphenocleaceae","research",112
"1378","Plantae","Sphondylomoraceae","needs_id",1
"1379","Plantae","Spiridentaceae","needs_id",10
"1380","Plantae","Spiridentaceae","research",4
"1381","Plantae","Splachnaceae","needs_id",148
"1382","Plantae","Splachnaceae","research",320
"1383","Plantae","Spongitaceae","needs_id",5
"1384","Plantae","Sporolithaceae","needs_id",21
"1385","Plantae","Sporolithaceae","research",11
"1386","Plantae","Stachyuraceae","needs_id",99
"1387","Plantae","Stachyuraceae","research",343
"1388","Plantae","Staphyleaceae","needs_id",2279
"1389","Plantae","Staphyleaceae","research",4826
"1390","Plantae","Stegnospermataceae","needs_id",58
"1391","Plantae","Stegnospermataceae","research",209
"1392","Plantae","Stemonaceae","needs_id",26
"1393","Plantae","Stemonaceae","research",189
"1394","Plantae","Stemonuraceae","needs_id",51
"1395","Plantae","Stemonuraceae","research",45
"1396","Plantae","Stereodontaceae","needs_id",105
"1397","Plantae","Stereodontaceae","research",107
"1398","Plantae","Stereophyllaceae","needs_id",7
"1399","Plantae","Stereophyllaceae","research",1
"1400","Plantae","Stilbaceae","needs_id",400
"1401","Plantae","Stilbaceae","research",2481
"1402","Plantae","Strasburgeriaceae","needs_id",19
"1403","Plantae","Strasburgeriaceae","research",204
"1404","Plantae","Strelitziaceae","needs_id",366
"1405","Plantae","Strelitziaceae","research",1288
"1406","Plantae","Stylidiaceae","needs_id",3151
"1407","Plantae","Stylidiaceae","research",3503
"1408","Plantae","Stylonemataceae","needs_id",5
"1409","Plantae","Stylonemataceae","research",2
"1410","Plantae","Styracaceae","needs_id",3028
"1411","Plantae","Styracaceae","research",2706
"1412","Plantae","Surianaceae","needs_id",92
"1413","Plantae","Surianaceae","research",763
"1414","Plantae","Symplocaceae","needs_id",1803
"1415","Plantae","Symplocaceae","research",2549
"1416","Plantae","Takakiaceae","needs_id",1
"1417","Plantae","Takakiaceae","research",1
"1418","Plantae","Talinaceae","needs_id",827
"1419","Plantae","Talinaceae","research",3380
"1420","Plantae","Tamaricaceae","needs_id",8592
"1421","Plantae","Tamaricaceae","research",5709
"1422","Plantae","Tapisciaceae","needs_id",4
"1423","Plantae","Targioniaceae","needs_id",400
"1424","Plantae","Targioniaceae","research",236
"1425","Plantae","Taxaceae","needs_id",10070
"1426","Plantae","Taxaceae","research",11718
"1427","Plantae","Tecophilaeaceae","needs_id",291
"1428","Plantae","Tecophilaeaceae","research",1517
"1429","Plantae","Tectariaceae","needs_id",1281
"1430","Plantae","Tectariaceae","research",1416
"1431","Plantae","Tetrabaenaceae","needs_id",2
"1432","Plantae","Tetrabaenaceae","research",2
"1433","Plantae","Tetracarpaeaceae","needs_id",4
"1434","Plantae","Tetracarpaeaceae","research",19
"1435","Plantae","Tetrachondraceae","needs_id",441
"1436","Plantae","Tetrachondraceae","research",2104
"1437","Plantae","Tetramelaceae","needs_id",38
"1438","Plantae","Tetramelaceae","research",30
"1439","Plantae","Tetrameristaceae","needs_id",25
"1440","Plantae","Tetrameristaceae","research",105
"1441","Plantae","Tetraphidaceae","needs_id",169
"1442","Plantae","Tetraphidaceae","research",301
"1443","Plantae","Tetrasporaceae","needs_id",32
"1444","Plantae","Tetrasporaceae","research",5
"1445","Plantae","Thamnobryaceae","needs_id",5
"1446","Plantae","Thamnobryaceae","research",5
"1447","Plantae","Theaceae","needs_id",5946
"1448","Plantae","Theaceae","research",2974
"1449","Plantae","Theliaceae","needs_id",155
"1450","Plantae","Theliaceae","research",57
"1451","Plantae","Thelypteridaceae","needs_id",16058
"1452","Plantae","Thelypteridaceae","research",23203
"1453","Plantae","Thomandersiaceae","needs_id",1
"1454","Plantae","Thomandersiaceae","research",3
"1455","Plantae","Thoreaceae","needs_id",3
"1456","Plantae","Thuidiaceae","needs_id",10000
"1457","Plantae","Thuidiaceae","research",3126
"1458","Plantae","Thurniaceae","needs_id",59
"1459","Plantae","Thurniaceae","research",472
"1460","Plantae","Thymelaeaceae","needs_id",13155
"1461","Plantae","Thymelaeaceae","research",30881
"1462","Plantae","Ticodendraceae","research",12
"1463","Plantae","Tiliaceae","needs_id",1
"1464","Plantae","Timmiaceae","needs_id",101
"1465","Plantae","Timmiaceae","research",28
"1466","Plantae","Tofieldiaceae","needs_id",1375
"1467","Plantae","Tofieldiaceae","research",2531
"1468","Plantae","Torricelliaceae","needs_id",7
"1469","Plantae","Torricelliaceae","research",3
"1470","Plantae","Tovariaceae","needs_id",9
"1471","Plantae","Tovariaceae","research",4
"1472","Plantae","Trebouxiaceae","needs_id",1
"1473","Plantae","Trentepohliaceae","needs_id",4425
"1474","Plantae","Trentepohliaceae","research",788
"1475","Plantae","Treubariaceae","needs_id",4
"1476","Plantae","Treubiaceae","needs_id",15
"1477","Plantae","Treubiaceae","research",55
"1478","Plantae","Trichocoleaceae","needs_id",219
"1479","Plantae","Trichocoleaceae","research",378
"1480","Plantae","Trigoniaceae","needs_id",17
"1481","Plantae","Trigoniaceae","research",5
"1482","Plantae","Trimeniaceae","research",1
"1483","Plantae","Triuridaceae","needs_id",33
"1484","Plantae","Triuridaceae","research",17
"1485","Plantae","Trochodendraceae","needs_id",35
"1486","Plantae","Trochodendraceae","research",401
"1487","Plantae","Tropaeolaceae","needs_id",1171
"1488","Plantae","Tropaeolaceae","research",12572
"1489","Plantae","Tsengiaceae","needs_id",1
"1490","Plantae","Tsengiaceae","research",1
"1491","Plantae","Typhaceae","needs_id",43328
"1492","Plantae","Typhaceae","research",25557
"1493","Plantae","Udoteaceae","needs_id",457
"1494","Plantae","Udoteaceae","research",144
"1495","Plantae","Ulmaceae","needs_id",72390
"1496","Plantae","Ulmaceae","research",30295
"1497","Plantae","Ulotrichaceae","needs_id",405
"1498","Plantae","Ulotrichaceae","research",226
"1499","Plantae","Ulvaceae","needs_id",12235
"1500","Plantae","Ulvaceae","research",2519
"1501","Plantae","Ulvellaceae","needs_id",4
"1502","Plantae","Uronemataceae","needs_id",1
"1503","Plantae","Urticaceae","needs_id",47270
"1504","Plantae","Urticaceae","research",93365
"1505","Plantae","Vahliaceae","needs_id",17
"1506","Plantae","Vahliaceae","research",77
"1507","Plantae","Valoniaceae","needs_id",393
"1508","Plantae","Valoniaceae","research",291
"1509","Plantae","Velloziaceae","needs_id",601
"1510","Plantae","Velloziaceae","research",791
"1511","Plantae","Verbenaceae","needs_id",77853
"1512","Plantae","Verbenaceae","research",110775
"1513","Plantae","Viburnaceae","needs_id",89852
"1514","Plantae","Viburnaceae","research",135947
"1515","Plantae","Violaceae","needs_id",139545
"1516","Plantae","Violaceae","research",112735
"1517","Plantae","Vitaceae","needs_id",93054
"1518","Plantae","Vitaceae","research",99837
"1519","Plantae","Vochysiaceae","needs_id",465
"1520","Plantae","Vochysiaceae","research",261
"1521","Plantae","Volvocaceae","needs_id",325
"1522","Plantae","Volvocaceae","research",56
"1523","Plantae","Wardiaceae","research",3
"1524","Plantae","Welwitschiaceae","needs_id",1
"1525","Plantae","Welwitschiaceae","research",258
"1526","Plantae","Wiesnerellaceae","needs_id",3
"1527","Plantae","Wiesnerellaceae","research",7
"1528","Plantae","Winteraceae","needs_id",352
"1529","Plantae","Winteraceae","research",2309
"1530","Plantae","Woodsiaceae","needs_id",2519
"1531","Plantae","Woodsiaceae","research",4205
"1532","Plantae","Wrangeliaceae","needs_id",233
"1533","Plantae","Wrangeliaceae","research",31
"1534","Plantae","Wurdemanniaceae","needs_id",1
"1535","Plantae","Xeronemataceae","needs_id",1
"1536","Plantae","Xeronemataceae","research",21
"1537","Plantae","Xyridaceae","needs_id",1852
"1538","Plantae","Xyridaceae","research",2904
"1539","Plantae","Zamiaceae","needs_id",1119
"1540","Plantae","Zamiaceae","research",3616
"1541","Plantae","Zingiberaceae","needs_id",9568
"1542","Plantae","Zingiberaceae","research",16401
"1543","Plantae","Zosteraceae","needs_id",4922
"1544","Plantae","Zosteraceae","research",2957
"1545","Plantae","Zygnemataceae","needs_id",1794
"1546","Plantae","Zygnemataceae","research",299
"1547","Plantae","Zygophyllaceae","needs_id",6951
"1548","Plantae","Zygophyllaceae","research",62507
